pool_id	subject_id	locus	gene	allele	known_reference	parent_allele	substitutions	representative_lineages	inferred_frequency	expected_lineages	local_best_lineages	direct_support	direct_coverage	discovery_log_score	bic_adjusted_selection_gain
personalized_pool_1	ERR4238110	IGH	IGHV1-84	IGHV1-84*01_S0240__SWIGP_G222A	0	IGHV1-84*01_S0240	G222A	32	0.7877726239409352	25.208723966093764	25	25	32	19.188652525283814	initial
personalized_pool_1	ERR4238110	IGH	IGHV1-84	IGHV1-84*01_S0240	1	IGHV1-84*01_S0240		32	0.2122273760590649	6.791276033906236	7	7	32	known	17.190488972311776
personalized_pool_1	ERR4238110	IGH	IGHV1-105	IGHV1-105*01	1	IGHV1-105*01		5	1	5	5	5	5	known	initial
personalized_pool_1	ERR4238110	IGH	IGHV1-124	IGHV1-124*01	1	IGHV1-124*01		23	0.7826136276397492	18.00011343571151	18	18	23	known	initial
personalized_pool_1	ERR4238110	IGH	IGHV1-124	IGHV1-124*01_S1765	1	IGHV1-124*01_S1765		23	0.2173863723602511	4.999886564288495	5	5	23	known	21.650296062975556
personalized_pool_1	ERR4238110	IGH	IGHV1-138	IGHV1-138*02	1	IGHV1-138*02		37	0.9729729727456871	35.99999999159042	36	35	37	known	initial
personalized_pool_1	ERR4238110	IGH	IGHV1-138	IGHV1-138*01_S3445	1	IGHV1-138*01_S3445		37	0.027027027254312965	1.0000000084095797	1	1	37	known	25.327463453359556
personalized_pool_1	ERR4238110	IGH	IGHV1-NL_1	IGHV1-NL_1*01_S8523	1	IGHV1-NL_1*01_S8523		80	1	80	80	80	80	known	initial
personalized_pool_1	ERR4238110	IGH	IGHV1-NL_2	IGHV1-NL_2*01_S3568	1	IGHV1-NL_2*01_S3568		65	1	65	65	65	65	known	initial
personalized_pool_1	ERR4238110	IGH	IGHV1-NL_2	IGHV1-NL_2*01_S5959__SWIGP_T209C_C225G	0	IGHV1-NL_2*01_S5959	T209C;C225G	17	0.7646776505476693	12.999520059341314	13	13	13	5.895286947439203	initial
personalized_pool_1	ERR4238110	IGH	IGHV1-NL_2	IGHV1-NL_2*01_S3477	1	IGHV1-NL_2*01_S3477		17	0.1765703846852444	3.001696539521415	3	3	17	known	31.529989670635352
personalized_pool_1	ERR4238110	IGH	IGHV1-NL_2	IGHV1-NL_2*01_S0023	1	IGHV1-NL_2*01_S0023		17	0.05875196476708616	0.9987834011372734	1	1	17	known	4.240197235710756
personalized_pool_1	ERR4238110	IGH	IGHV2-7	IGHV2-7*02_S4078	1	IGHV2-7*02_S4078		254	0.9786260313076156	248.57101195194306	247	242	254	known	initial
personalized_pool_1	ERR4238110	IGH	IGHV2-7	IGHV2-7*02_S1732	1	IGHV2-7*02_S1732		254	0.021373968692385528	5.428988048057148	7	6	254	known	26.55006439398632
personalized_pool_1	ERR4238110	IGH	IGHV2-69	IGHV2-69*01_S8510	1	IGHV2-69*01_S8510		142	0.5661018809182891	80.38646727261818	80	78	142	known	initial
personalized_pool_1	ERR4238110	IGH	IGHV2-69	IGHV2-69*01	1	IGHV2-69*01		142	0.4196488140908693	59.59013140764004	60	53	142	known	235.17700717913925
personalized_pool_1	ERR4238110	IGH	IGHV2-69	IGHV2-69*01_S2931	1	IGHV2-69*01_S2931		142	0.007207054714488948	1.0234017804996896	1	1	142	known	5.348996952553613
personalized_pool_1	ERR4238110	IGH	IGHV2-69	IGHV2-69*01_S2408	1	IGHV2-69*01_S2408		142	0.007042250276352002	0.9999995392420994	1	1	142	known	10.302256988786974
personalized_pool_1	ERR4238110	IGH	IGHV2-118,IGHV2-NL_1	IGHV2-118*01_S4527	1	IGHV2-118*01_S4527		520	0.6557992824147709	341.0156267980132	341	341	520	known	11861.017678723145
personalized_pool_1	ERR4238110	IGH	IGHV2-118,IGHV2-NL_1	IGHV2-NL_1*01_S5779	1	IGHV2-NL_1*01_S5779		520	0.33268191159144406	172.99459402756528	173	169	520	known	7113.23014559399
personalized_pool_1	ERR4238110	IGH	IGHV2-118,IGHV2-NL_1	IGHV2-118*01_S3831	1	IGHV2-118*01_S3831		520	0.003846359536387477	2.0001069582552544	2	2	520	known	25.992004453802636
personalized_pool_1	ERR4238110	IGH	IGHV2-118,IGHV2-NL_1	IGHV2-118*01_S8501	1	IGHV2-118*01_S8501		520	0.003745786729355308	1.9478100560749885	2	0	520	known	1381.2459976730413
personalized_pool_1	ERR4238110	IGH	IGHV2-118,IGHV2-NL_1	IGHV2-118*01	1	IGHV2-118*01		520	0.0020050237116786777	1.042611431582215	1	1	520	known	1.1292141069916228
personalized_pool_1	ERR4238110	IGH	IGHV2-118,IGHV2-NL_1	IGHV2-NL_1*01_S5211	1	IGHV2-NL_1*01_S5211		520	0.001921636016364155	0.9992507285093594	1	1	520	known	3.072547582581394
personalized_pool_1	ERR4238110	IGH	IGHV2-173	IGHV2-173*01	1	IGHV2-173*01		1	1	1	1	1	1	known	initial
personalized_pool_1	ERR4238110	IGH	IGHV2-NL_1	IGHV2-NL_1*01_S4514	1	IGHV2-NL_1*01_S4514		1	1	1	1	1	1	known	initial
personalized_pool_1	ERR4238110	IGH	IGHV3-5	IGHV3-5*01	1	IGHV3-5*01		63	1	63	63	60	63	known	initial
personalized_pool_1	ERR4238110	IGH	IGHV3-9	IGHV3-9*02	1	IGHV3-9*02		129	0.5687727154992668	73.37168029935005	72	72	129	known	initial
personalized_pool_1	ERR4238110	IGH	IGHV3-9	IGHV3-9*01_S4754__SWIGP_A240G	0	IGHV3-9*01_S4754	A240G	129	0.43122728450073317	55.62831970064998	57	46	56	45.749231662859515	150.05694731250077
personalized_pool_1	ERR4238110	IGH	IGHV3-34	IGHV3-34*01_S1309	1	IGHV3-34*01_S1309		4	0.7499999998335176	2.9999999993340705	3	3	4	known	initial
personalized_pool_1	ERR4238110	IGH	IGHV3-34	IGHV3-34*01_S2915	1	IGHV3-34*01_S2915		4	0.2500000001664823	1.000000000665929	1	1	4	known	16.756222809862305
personalized_pool_1	ERR4238110	IGH	IGHV3-36	IGHV3-36*01_S4906__SWIGP_C114A	0	IGHV3-36*01_S4906	C114A	53	0.9691736279947306	51.3662022837034	50.5	50	52	25.906537121239033	initial
personalized_pool_1	ERR4238110	IGH	IGHV3-36	IGHV3-36*01_S4906	1	IGHV3-36*01_S4906		53	0.030826372005269352	1.6337977162966166	2.5	2.5	53	known	0.8842597879569918
personalized_pool_1	ERR4238110	IGH	IGHV3-50	IGHV3-50*01	1	IGHV3-50*01		897	0.9988188730084927	895.9405290885378	895	838	897	known	initial
personalized_pool_1	ERR4238110	IGH	IGHV3-50	IGHV3-50*01_S6687	1	IGHV3-50*01_S6687		897	0.0011811269915159947	1.0594709114698144	2	2	897	known	6.633080005162551
personalized_pool_1	ERR4238110	IGH	IGHV3-52	IGHV3-52*01_S3960	1	IGHV3-52*01_S3960		40	0.9750012938127945	39.00005175251175	39	39	40	known	initial
personalized_pool_1	ERR4238110	IGH	IGHV3-52	IGHV3-52*02_S2646	1	IGHV3-52*02_S2646		40	0.024998706187205587	0.9999482474882503	1	1	40	known	7.01188635944331
personalized_pool_1	ERR4238110	IGH	IGHV3-73	IGHV3-73*02	1	IGHV3-73*02		146	1	146	146	146	146	known	initial
personalized_pool_1	ERR4238110	IGH	IGHV3-76	IGHV3-76*01_S4285	1	IGHV3-76*01_S4285		18	0.5159804714157213	9.287649394407461	10	10	18	known	1.2435273111401832
personalized_pool_1	ERR4238110	IGH	IGHV3-76	IGHV3-76*01	1	IGHV3-76*01		18	0.32587333150845343	5.865720041487624	6	6	18	known	25.522432609912958
personalized_pool_1	ERR4238110	IGH	IGHV3-76	IGHV3-76*01_S5420	1	IGHV3-76*01_S5420		18	0.15814619707582536	2.8466305641049146	2	2	18	known	initial
personalized_pool_1	ERR4238110	IGH	IGHV3-76	IGHV3-76*02_S4190	1	IGHV3-76*02_S4190		2	1	2	2	2	2	known	initial
personalized_pool_1	ERR4238110	IGH	IGHV3-83	IGHV3-83*02_S9518	1	IGHV3-83*02_S9518		11	1	11	11	11	11	known	initial
personalized_pool_1	ERR4238110	IGH	IGHV3-87	IGHV3-87*01__SWIGP_G45C_T153C	0	IGHV3-87*01	G45C;T153C	17	0.9411764673743829	15.99999994536451	16	16	16	15.784633345737085	initial
personalized_pool_1	ERR4238110	IGH	IGHV3-87	IGHV3-87*01_S6311	1	IGHV3-87*01_S6311		17	0.05882353262561696	1.0000000546354884	1	1	17	known	17.81401097160938
personalized_pool_1	ERR4238110	IGH	IGHV3-88	IGHV3-88*01_S9155	1	IGHV3-88*01_S9155		436	1	436	436	386	436	known	initial
personalized_pool_1	ERR4238110	IGH	IGHV3-88	IGHV3-88*02_S3953	1	IGHV3-88*02_S3953		77	0.8130369890670885	62.603848587327036	61	61	77	known	initial
personalized_pool_1	ERR4238110	IGH	IGHV3-88	IGHV3-88*02_S7485	1	IGHV3-88*02_S7485		77	0.10929816943401309	8.415957945116588	10	7	77	known	76.836435658521
personalized_pool_1	ERR4238110	IGH	IGHV3-88	IGHV3-88*02_S5672	1	IGHV3-88*02_S5672		77	0.03942587735039629	3.0357932373133725	3	2	77	known	3.1184089706802434
personalized_pool_1	ERR4238110	IGH	IGHV3-88	IGHV3-88*02_S1355	1	IGHV3-88*02_S1355		77	0.03823896414850196	2.9444002302429815	3	3	77	known	8.85545388676911
personalized_pool_1	ERR4238110	IGH	IGHV3-100	IGHV3-100*01_S4375	1	IGHV3-100*01_S4375		39	0.9048250050196075	35.288175195642125	31	31	39	known	initial
personalized_pool_1	ERR4238110	IGH	IGHV3-100	IGHV3-100*01_S4205	1	IGHV3-100*01_S4205		39	0.09517499498039224	3.711824804357888	8	8	39	known	0.6155333263029106
personalized_pool_1	ERR4238110	IGH	IGHV3-119	IGHV3-119*01	1	IGHV3-119*01		12	1	12	12	9	12	known	initial
personalized_pool_1	ERR4238110	IGH	IGHV3-120	IGHV3-120*01_S4231	1	IGHV3-120*01_S4231		4	1	4	4	4	4	known	initial
personalized_pool_1	ERR4238110	IGH	IGHV3-122,IGHV3-53,IGHV3-94	IGHV3-122*01_S8388	1	IGHV3-122*01_S8388		454	0.44740198361929334	203.12050058874377	187.5	180.5	454	known	initial
personalized_pool_1	ERR4238110	IGH	IGHV3-122,IGHV3-53,IGHV3-94	IGHV3-122*01_S5299	1	IGHV3-122*01_S5299		454	0.20630072544419098	93.66052934536111	93	93	454	known	1716.4601154368054
personalized_pool_1	ERR4238110	IGH	IGHV3-122,IGHV3-53,IGHV3-94	IGHV3-53*01	1	IGHV3-53*01		454	0.14295382777810142	64.90103782577755	65	62	454	known	3568.583372542821
personalized_pool_1	ERR4238110	IGH	IGHV3-122,IGHV3-53,IGHV3-94	IGHV3-53*01_S2949	1	IGHV3-53*01_S2949		454	0.11952155712783677	54.26278693702897	54	54	454	known	269.06397764963185
personalized_pool_1	ERR4238110	IGH	IGHV3-122,IGHV3-53,IGHV3-94	IGHV3-53*01_S4256__SWIGP_T31C_C75T	0	IGHV3-53*01_S4256	T31C;C75T	454	0.039638391658046605	17.995829811397137	18	15	16	14.002648037872538	2279.2605525768604
personalized_pool_1	ERR4238110	IGH	IGHV3-122,IGHV3-53,IGHV3-94	IGHV3-122*01	1	IGHV3-122*01		454	0.018850359962350103	8.558063275783402	17.5	15.5	454	known	10.609636227795194
personalized_pool_1	ERR4238110	IGH	IGHV3-122,IGHV3-53,IGHV3-94	IGHV3-53*02	1	IGHV3-53*02		454	0.010643711393672876	4.8322449285851485	5	5	454	known	15.557633514958653
personalized_pool_1	ERR4238110	IGH	IGHV3-122,IGHV3-53,IGHV3-94	IGHV3-53*02_S0150	1	IGHV3-53*02_S0150		454	0.005696015593479667	2.585991204077709	7	7	454	known	3.1446261473615005
personalized_pool_1	ERR4238110	IGH	IGHV3-122,IGHV3-53,IGHV3-94	IGHV3-94*01_S4458	1	IGHV3-94*01_S4458		454	0.004347448195383565	1.9737410928117578	2	1	454	known	64.11143279370418
personalized_pool_1	ERR4238110	IGH	IGHV3-122,IGHV3-53,IGHV3-94	IGHV3-122*01_S8125	1	IGHV3-122*01_S8125		454	0.0023733849195027054	1.077516753887686	4	3	454	known	0.1194064861182853
personalized_pool_1	ERR4238110	IGH	IGHV3-122,IGHV3-53,IGHV3-94	IGHV3-94*01_S7982	1	IGHV3-94*01_S7982		454	0.0022725943081422255	1.0317582365458142	1	1	454	known	0.11139009165228941
personalized_pool_1	ERR4238110	IGH	IGHV3-127	IGHV3-127*01_S5171	1	IGHV3-127*01_S5171		189	1	189	189	170	189	known	initial
personalized_pool_1	ERR4238110	IGH	IGHV3-128	IGHV3-128*02_S1570	1	IGHV3-128*02_S1570		152	0.9683285560012544	147.185939302891	144	144	152	known	initial
personalized_pool_1	ERR4238110	IGH	IGHV3-128	IGHV3-128*02_S0204	1	IGHV3-128*02_S0204		152	0.018512869070158002	2.813957308327615	6	4	152	known	1.084150971184581
personalized_pool_1	ERR4238110	IGH	IGHV3-128	IGHV3-128*02_S1375	1	IGHV3-128*02_S1375		152	0.00658185061853572	1.0004412936613116	1	1	152	known	687.7259888923705
personalized_pool_1	ERR4238110	IGH	IGHV3-128	IGHV3-128*01_S5770	1	IGHV3-128*01_S5770		152	0.006576724310052872	0.9996620951201612	1	1	152	known	3.7712823888149423
personalized_pool_1	ERR4238110	IGH	IGHV3-141	IGHV3-141*02_S1149	1	IGHV3-141*02_S1149		1	1	1	1	1	1	known	initial
personalized_pool_1	ERR4238110	IGH	IGHV3-141	IGHV3-141*02_S6589	1	IGHV3-141*02_S6589		1	1	1	1	1	1	known	initial
personalized_pool_1	ERR4238110	IGH	IGHV3-143	IGHV3-143*01	1	IGHV3-143*01		12	1	12	12	12	12	known	initial
personalized_pool_1	ERR4238110	IGH	IGHV3-152,IGHV3-37	IGHV3-37*01_S4420	1	IGHV3-37*01_S4420		240	0.5748875250101185	137.97300633997494	137	137	240	known	3531.43252156543
personalized_pool_1	ERR4238110	IGH	IGHV3-152,IGHV3-37	IGHV3-152*01_S1133	1	IGHV3-152*01_S1133		240	0.2999990260992917	71.9997662668125	72	72	240	known	1139.678441388681
personalized_pool_1	ERR4238110	IGH	IGHV3-152,IGHV3-37	IGHV3-152*01	1	IGHV3-152*01		240	0.11666641359252727	27.999939262428214	28	28	240	known	972.565441696349
personalized_pool_1	ERR4238110	IGH	IGHV3-152,IGHV3-37	IGHV3-152*01_S5891	1	IGHV3-152*01_S5891		240	0.004280042160480252	1.0272097777646603	2	1	240	known	7.1860634441481
personalized_pool_1	ERR4238110	IGH	IGHV3-152,IGHV3-37	IGHV3-152*01_S7388	1	IGHV3-152*01_S7388		240	0.004166993137582328	1.0000783530197324	1	1	240	known	14.149571137833785
personalized_pool_1	ERR4238110	IGH	IGHV3-177,IGHV3-28	IGHV3-177*01_S8409	1	IGHV3-177*01_S8409		205	0.5764996964507892	118.18243739939837	116	111	205	known	initial
personalized_pool_1	ERR4238110	IGH	IGHV3-177,IGHV3-28	IGHV3-28*01_S0096__SWIGP_G292A	0	IGHV3-28*01_S0096	G292A	205	0.31465126394797566	64.50350930337895	66	48	49	12.119443745661323	697.7649041165353
personalized_pool_1	ERR4238110	IGH	IGHV3-177,IGHV3-28	IGHV3-28*01_S5419	1	IGHV3-28*01_S5419		205	0.09800800154170988	20.091640311230805	20	20	205	known	250.19515588377672
personalized_pool_1	ERR4238110	IGH	IGHV3-177,IGHV3-28	IGHV3-177*01_S5369	1	IGHV3-177*01_S5369		205	0.010841038059524594	2.2224129859918658	3	3	205	known	10.444395024624987
personalized_pool_1	ERR4238110	IGH	IGHV3-187	IGHV3-187*01_S8972	1	IGHV3-187*01_S8972		467	0.5852194265923669	273.29746355300244	246	239	467	known	1986.8816780040763
personalized_pool_1	ERR4238110	IGH	IGHV3-187	IGHV3-187*01_S6840	1	IGHV3-187*01_S6840		467	0.40042826553710587	187.00000000582844	187	184	467	known	8784.470086969724
personalized_pool_1	ERR4238110	IGH	IGHV3-187	IGHV3-187*01_S1387	1	IGHV3-187*01_S1387		467	0.010013402272186002	4.676267526370543	30	22.5	467	known	initial
personalized_pool_1	ERR4238110	IGH	IGHV3-187	IGHV3-187*02	1	IGHV3-187*02		467	0.004338905598341882	2.02626891479853	4	1.5	467	known	10.840703555624447
personalized_pool_1	ERR4238110	IGH	IGHV3-NL_1	IGHV3-NL_1*01_S4331	1	IGHV3-NL_1*01_S4331		322	0.8761253179117507	282.1123347828407	235.5	235.5	322	known	initial
personalized_pool_1	ERR4238110	IGH	IGHV3-NL_1	IGHV3-NL_1*01_S2788	1	IGHV3-NL_1*01_S2788		322	0.07433513842409788	23.93591435110607	29	29	322	known	70.96698695782311
personalized_pool_1	ERR4238110	IGH	IGHV3-NL_1	IGHV3-NL_1*01_S9422	1	IGHV3-NL_1*01_S9422		322	0.0495395436641513	15.951750866053048	57.5	56.5	322	known	1.215155908733224
personalized_pool_1	ERR4238110	IGH	IGHV3-NL_1	IGHV3-NL_1*01_S4549	1	IGHV3-NL_1*01_S4549		228	0.9869248592581993	225.01886790382142	225	218	228	known	initial
personalized_pool_1	ERR4238110	IGH	IGHV3-NL_1	IGHV3-NL_1*01_S1080	1	IGHV3-NL_1*01_S1080		228	0.008689175824817036	1.9811320951062659	2	2	228	known	4.942601427491065
personalized_pool_1	ERR4238110	IGH	IGHV3-NL_1	IGHV3-NL_1*01_S3947	1	IGHV3-NL_1*01_S3947		228	0.004385964916983911	1.0000000010723316	1	1	228	known	681.6337056514681
personalized_pool_1	ERR4238110	IGH	IGHV3-NL_2	IGHV3-NL_2*01_S5884	1	IGHV3-NL_2*01_S5884		18	0.66693147575031	12.004766563505473	12	12	18	known	initial
personalized_pool_1	ERR4238110	IGH	IGHV3-NL_2	IGHV3-NL_2*01_S1693	1	IGHV3-NL_2*01_S1693		18	0.3330685242496901	5.995233436494529	6	5	18	known	43.655665622310124
personalized_pool_1	ERR4238110	IGH	IGHV3-NL_4	IGHV3-NL_4*01_S2727	1	IGHV3-NL_4*01_S2727		3	0.6684473507111822	2.0053420534906663	2	1	3	known	2.0066139530764797
personalized_pool_1	ERR4238110	IGH	IGHV3-NL_4	IGHV3-NL_4*01_S9392	1	IGHV3-NL_4*01_S9392		3	0.3315526492888179	0.9946579465093337	1	1	3	known	0.0805643208578628
personalized_pool_1	ERR4238110	IGH	IGHV3-NL_6	IGHV3-NL_6*02_S7808	1	IGHV3-NL_6*02_S7808		5	1	5	5	5	5	known	initial
personalized_pool_1	ERR4238110	IGH	IGHV3-NL_7	IGHV3-NL_7*01_S0199	1	IGHV3-NL_7*01_S0199		481	1	481	481	481	481	known	initial
personalized_pool_1	ERR4238110	IGH	IGHV3-NL_8	IGHV3-NL_8*01_S7474	1	IGHV3-NL_8*01_S7474		1	1	1	1	1	1	known	initial
personalized_pool_1	ERR4238110	IGH	IGHV3-NL_9	IGHV3-NL_9*01_S6098	1	IGHV3-NL_9*01_S6098		6	1	6	6	6	6	known	initial
personalized_pool_1	ERR4238110	IGH	IGHV3-NL_11	IGHV3-NL_11*01_S3736	1	IGHV3-NL_11*01_S3736		1710	0.9745758683294998	1666.5247483567075	1654	1518	1710	known	initial
personalized_pool_1	ERR4238110	IGH	IGHV3-NL_11	IGHV3-NL_11*01_S3736__SWIGP_T223G_A225C_A232T_C237G_C240T_T264C	0	IGHV3-NL_11*01_S3736	T223G;A225C;A232T;C237G;C240T;T264C	1710	0.012713386489859467	21.739890688888693	26	12	1540	113.40924320910652	292.99031917795094
personalized_pool_1	ERR4238110	IGH	IGHV3-NL_11	IGHV3-NL_11*01_S8390	1	IGHV3-NL_11*01_S8390		1710	0.005141631395254229	8.792189607219028	9	9	1710	known	10066.765419224837
personalized_pool_1	ERR4238110	IGH	IGHV3-NL_11	IGHV3-NL_11*01_S4619	1	IGHV3-NL_11*01_S4619		1710	0.004533423716680498	7.752155248701754	8	8	1710	known	185.4252467307088
personalized_pool_1	ERR4238110	IGH	IGHV3-NL_11	IGHV3-NL_11*01_S6390	1	IGHV3-NL_11*01_S6390		1710	0.0024508947138742964	4.191016041723617	12	12	1710	known	699.8107487710669
personalized_pool_1	ERR4238110	IGH	IGHV3-NL_11	IGHV3-NL_11*02_S2668	1	IGHV3-NL_11*02_S2668		1710	0.000584795354837441	1.000000056772119	1	1	1710	known	14.153319221077599
personalized_pool_1	ERR4238110	IGH	IGHV3-NL_11	IGHV3-NL_11*01_S5714	1	IGHV3-NL_11*01_S5714		1	1	1	1	1	1	known	initial
personalized_pool_1	ERR4238110	IGH	IGHV3-NL_13	IGHV3-NL_13*01_S5767	1	IGHV3-NL_13*01_S5767		9	0.5585335143400445	5.026801609980647	5	5	9	known	initial
personalized_pool_1	ERR4238110	IGH	IGHV3-NL_13	IGHV3-NL_13*01_S3940	1	IGHV3-NL_13*01_S3940		9	0.3408115222596184	3.0673036688924507	3	3	9	known	25.557911532929943
personalized_pool_1	ERR4238110	IGH	IGHV3-NL_13	IGHV3-NL_13*01_S3277	1	IGHV3-NL_13*01_S3277		9	0.10065496340033704	0.9058947211269016	1	1	9	known	0.17910552549532732
personalized_pool_1	ERR4238110	IGH	IGHV3-NL_14,IGHV3-NL_15	IGHV3-NL_14*01_S9823	1	IGHV3-NL_14*01_S9823		141	0.9788207897686431	138.0137313723657	138	137	141	known	initial
personalized_pool_1	ERR4238110	IGH	IGHV3-NL_14,IGHV3-NL_15	IGHV3-NL_14*01_S0721	1	IGHV3-NL_14*01_S0721		141	0.014087011649797301	1.9862686276344093	2	1	141	known	0.6074080874477485
personalized_pool_1	ERR4238110	IGH	IGHV3-NL_14,IGHV3-NL_15	IGHV3-NL_15*01_S3018	1	IGHV3-NL_15*01_S3018		141	0.00709219858156029	1.0000000000000009	1	1	141	known	1.717306892492802
personalized_pool_1	ERR4238110	IGH	IGHV3-NL_15	IGHV3-NL_15*01_S0604	1	IGHV3-NL_15*01_S0604		3	1	3	3	3	3	known	initial
personalized_pool_1	ERR4238110	IGH	IGHV3-NL_16	IGHV3-NL_16*01_S8234	1	IGHV3-NL_16*01_S8234		31	1	31	31	31	31	known	initial
personalized_pool_1	ERR4238110	IGH	IGHV3-NL_17	IGHV3-NL_17*01_S4736	1	IGHV3-NL_17*01_S4736		613	0.5791190864600327	355.00000000000006	355	341	613	known	10527.90357487486
personalized_pool_1	ERR4238110	IGH	IGHV3-NL_17	IGHV3-NL_17*01_S9589	1	IGHV3-NL_17*01_S9589		613	0.42088091353996726	257.99999999999994	258	256	613	known	9298.51809992528
personalized_pool_1	ERR4238110	IGH	IGHV3-NL_18	IGHV3-NL_18*01_S0984	1	IGHV3-NL_18*01_S0984		1	1	1	1	1	1	known	initial
personalized_pool_1	ERR4238110	IGH	IGHV3-NL_19	IGHV3-NL_19*01_S2472	1	IGHV3-NL_19*01_S2472		117	0.555479908002316	64.99114867996906	63	63	117	known	initial
personalized_pool_1	ERR4238110	IGH	IGHV3-NL_19	IGHV3-NL_19*01_S5460__SWIGP_A164C_A207G	0	IGHV3-NL_19*01_S5460	A164C;A207G	117	0.3418796291808169	39.99991661415345	40	29	31	9.630039688736115	785.9359866772951
personalized_pool_1	ERR4238110	IGH	IGHV3-NL_19	IGHV3-NL_19*01_S6894	1	IGHV3-NL_19*01_S6894		117	0.1026404628168667	12.008934705877486	14	14	117	known	18.38261292847644
personalized_pool_1	ERR4238110	IGH	IGHV4-67	IGHV4-67*02__SWIGP_A218G	0	IGHV4-67*02	A218G	73	0.6861296369303402	50.08746349591037	50	28	30	38.765854865741794	initial
personalized_pool_1	ERR4238110	IGH	IGHV4-67	IGHV4-67*01_S8827	1	IGHV4-67*01_S8827		73	0.31387036306966015	22.912536504089637	23	22	73	known	265.7146847807254
personalized_pool_1	ERR4238110	IGH	IGHV4-72,IGHV4-NL_21,IGHV4-NL_9	IGHV4-NL_21*01_S0138	1	IGHV4-NL_21*01_S0138		650	0.6535193579849372	424.7875908444637	417	363	650	known	42911.15538239945
personalized_pool_1	ERR4238110	IGH	IGHV4-72,IGHV4-NL_21,IGHV4-NL_9	IGHV4-72*01	1	IGHV4-72*01		650	0.33846153846029864	219.99999999919413	220	217	650	known	4563.9398118442805
personalized_pool_1	ERR4238110	IGH	IGHV4-72,IGHV4-NL_21,IGHV4-NL_9	IGHV4-NL_21*01_S1118	1	IGHV4-NL_21*01_S1118		650	0.004784682757394344	3.110035308244731	6	4	650	known	0.3231687144340438
personalized_pool_1	ERR4238110	IGH	IGHV4-72,IGHV4-NL_21,IGHV4-NL_9	IGHV4-NL_21*01_S6650	1	IGHV4-NL_21*01_S6650		650	0.0032344207973696287	2.102373848097972	7	6	650	known	687.4041905206503
personalized_pool_1	ERR4238110	IGH	IGHV4-79	IGHV4-79*01_S1478	1	IGHV4-79*01_S1478		2	0.5000058415631705	1.0000116831263404	1	1	2	known	initial
personalized_pool_1	ERR4238110	IGH	IGHV4-79	IGHV4-79*01	1	IGHV4-79*01		2	0.49999415843682954	0.9999883168736595	1	1	2	known	9.398162110047325
personalized_pool_1	ERR4238110	IGH	IGHV4-93	IGHV4-93*01_S0054	1	IGHV4-93*01_S0054		2	0.5000003260290882	1.0000006520581763	1	1	2	known	initial
personalized_pool_1	ERR4238110	IGH	IGHV4-93	IGHV4-93*01_S1164	1	IGHV4-93*01_S1164		2	0.49999967397091183	0.9999993479418237	1	1	2	known	12.510260298367868
personalized_pool_1	ERR4238110	IGH	IGHV4-93	IGHV4-93*01_S5203	1	IGHV4-93*01_S5203		322	0.9956811022459722	320.60931492317644	320	268	322	known	initial
personalized_pool_1	ERR4238110	IGH	IGHV4-93	IGHV4-93*01	1	IGHV4-93*01		322	0.004318897754027648	1.3906850768235446	2	2	322	known	15.381051153818762
personalized_pool_1	ERR4238110	IGH	IGHV4-117,IGHV4-149	IGHV4-117*01_S3779__SWIGP_G120A_G246A_C250G	0	IGHV4-117*01_S3779	G120A;G246A;C250G	84	0.9638565105281749	80.9639468843634	80	67	81	62.10801355774433	initial
personalized_pool_1	ERR4238110	IGH	IGHV4-117,IGHV4-149	IGHV4-117*01_S0992	1	IGHV4-117*01_S0992		84	0.03614348947182492	3.036053115636606	4	2	84	known	46.15258484793771
personalized_pool_1	ERR4238110	IGH	IGHV4-117,IGHV4-174,IGHV4-NL_33,IGHV4-NL_36,IGHV4-NL_5,IGHV4-NL_9	IGHV4-117*01	1	IGHV4-117*01		1907	0.5167917329987848	985.5218420445005	979	937	1907	known	10774.800970308124
personalized_pool_1	ERR4238110	IGH	IGHV4-117,IGHV4-174,IGHV4-NL_33,IGHV4-NL_36,IGHV4-NL_5,IGHV4-NL_9	IGHV4-NL_33*01_S9428	1	IGHV4-NL_33*01_S9428		1907	0.21702801301631183	413.87242088749514	413	413	1907	known	17602.852318502202
personalized_pool_1	ERR4238110	IGH	IGHV4-117,IGHV4-174,IGHV4-NL_33,IGHV4-NL_36,IGHV4-NL_5,IGHV4-NL_9	IGHV4-NL_5*01_S8645	1	IGHV4-NL_5*01_S8645		1907	0.12742921867439327	243.00752013740117	243	235	1907	known	2953.7041972141947
personalized_pool_1	ERR4238110	IGH	IGHV4-117,IGHV4-174,IGHV4-NL_33,IGHV4-NL_36,IGHV4-NL_5,IGHV4-NL_9	IGHV4-NL_36*01_S5000	1	IGHV4-NL_36*01_S5000		1907	0.07027152733161449	134.0078026213848	134	125	1907	known	2028.1470482272825
personalized_pool_1	ERR4238110	IGH	IGHV4-117,IGHV4-174,IGHV4-NL_33,IGHV4-NL_36,IGHV4-NL_5,IGHV4-NL_9	IGHV4-NL_5*01_S5158	1	IGHV4-NL_5*01_S5158		1907	0.05871565051064674	111.97074659976096	112	104	1907	known	4743.0192020770355
personalized_pool_1	ERR4238110	IGH	IGHV4-117,IGHV4-174,IGHV4-NL_33,IGHV4-NL_36,IGHV4-NL_5,IGHV4-NL_9	IGHV4-NL_9*01_S9889	1	IGHV4-NL_9*01_S9889		1907	0.0025942877034424634	4.947306650633635	5	4	1907	known	6.857136438495665
personalized_pool_1	ERR4238110	IGH	IGHV4-117,IGHV4-174,IGHV4-NL_33,IGHV4-NL_36,IGHV4-NL_5,IGHV4-NL_9	IGHV4-174*02_S3984	1	IGHV4-174*02_S3984		1907	0.0010495601093318428	2.0015111288527616	2	2	1907	known	51.86861000267051
personalized_pool_1	ERR4238110	IGH	IGHV4-117,IGHV4-174,IGHV4-NL_33,IGHV4-NL_36,IGHV4-NL_5,IGHV4-NL_9	IGHV4-NL_5*01_S0876	1	IGHV4-NL_5*01_S0876		1907	0.0009237769439525013	1.7616232645820333	2	1	1907	known	11.44999414170941
personalized_pool_1	ERR4238110	IGH	IGHV4-117,IGHV4-174,IGHV4-NL_33,IGHV4-NL_36,IGHV4-NL_5,IGHV4-NL_9	IGHV4-117*01_S5807	1	IGHV4-117*01_S5807		1907	0.0007481971956652159	1.4268048407787743	3	2	1907	known	8.482402056361435
personalized_pool_1	ERR4238110	IGH	IGHV4-117,IGHV4-174,IGHV4-NL_33,IGHV4-NL_36,IGHV4-NL_5,IGHV4-NL_9	IGHV4-NL_5*01_S1492	1	IGHV4-NL_5*01_S1492		1907	0.0006599796393437991	1.2585993381009226	1	1	1907	known	33.34877411649059
personalized_pool_1	ERR4238110	IGH	IGHV4-117,IGHV4-174,IGHV4-NL_33,IGHV4-NL_36,IGHV4-NL_5,IGHV4-NL_9	IGHV4-NL_36*01_S9644	1	IGHV4-NL_36*01_S9644		1907	0.0005912853372671615	1.1275810727793394	2	1	1907	known	4.747736823264463
personalized_pool_1	ERR4238110	IGH	IGHV4-117,IGHV4-174,IGHV4-NL_33,IGHV4-NL_36,IGHV4-NL_5,IGHV4-NL_9	IGHV4-117*01_S4879	1	IGHV4-117*01_S4879		1907	0.0005510331362166014	1.0508201863221105	6	2	1907	known	5.18364483066205
personalized_pool_1	ERR4238110	IGH	IGHV4-117,IGHV4-174,IGHV4-NL_33,IGHV4-NL_36,IGHV4-NL_5,IGHV4-NL_9	IGHV4-NL_9*01_S3502	1	IGHV4-NL_9*01_S3502		1907	0.0005479225417806628	1.0448882870267295	1	1	1907	known	40.21964041148852
personalized_pool_1	ERR4238110	IGH	IGHV4-117,IGHV4-174,IGHV4-NL_33,IGHV4-NL_36,IGHV4-NL_5,IGHV4-NL_9	IGHV4-174*02	1	IGHV4-174*02		1907	0.0005246633084687099	1.0005329292299856	1	1	1907	known	14.219441316842389
personalized_pool_1	ERR4238110	IGH	IGHV4-117,IGHV4-174,IGHV4-NL_33,IGHV4-NL_36,IGHV4-NL_5,IGHV4-NL_9	IGHV4-NL_36*01_S3780	1	IGHV4-NL_36*01_S3780		1907	0.0005243872757149547	1.0000065347884186	1	1	1907	known	10.614535307976658
personalized_pool_1	ERR4238110	IGH	IGHV4-117,IGHV4-174,IGHV4-NL_33,IGHV4-NL_36,IGHV4-NL_5,IGHV4-NL_9	IGHV4-NL_36*01_S5847	1	IGHV4-NL_36*01_S5847		1907	0.0005243837071791848	0.9999997295908157	1	1	1907	known	1346.7576994044027
personalized_pool_1	ERR4238110	IGH	IGHV4-117,IGHV4-174,IGHV4-NL_33,IGHV4-NL_36,IGHV4-NL_5,IGHV4-NL_9	IGHV4-NL_36*01_S0936	1	IGHV4-NL_36*01_S0936		1907	0.0005243805698863466	0.999993746773263	1	1	1907	known	6.269641430883313
personalized_pool_1	ERR4238110	IGH	IGHV4-144	IGHV4-144*01	1	IGHV4-144*01		194	0.5283449903834385	102.4989281347545	106	94	194	known	251.7036484604557
personalized_pool_1	ERR4238110	IGH	IGHV4-144	IGHV4-144*01_S3676	1	IGHV4-144*01_S3676		194	0.4716550096165614	91.50107186524555	88	85	194	known	initial
personalized_pool_1	ERR4238110	IGH	IGHV4-149,IGHV4-79	IGHV4-149*01_S9613	1	IGHV4-149*01_S9613		603	0.5280562783218802	318.4179384271501	317	311	603	known	1324.3101679097936
personalized_pool_1	ERR4238110	IGH	IGHV4-149,IGHV4-79	IGHV4-149*01_S1992	1	IGHV4-149*01_S1992		603	0.45220534131948303	272.67982111025884	268	254	603	known	6224.864542384084
personalized_pool_1	ERR4238110	IGH	IGHV4-149,IGHV4-79	IGHV4-79*02_S9501	1	IGHV4-79*02_S9501		603	0.014411421794268015	8.690089082394463	12	10	603	known	74.44390556102778
personalized_pool_1	ERR4238110	IGH	IGHV4-149,IGHV4-79	IGHV4-149*01_S0794	1	IGHV4-149*01_S0794		603	0.005326958564368176	3.212151380195636	6	4	603	known	15.637066811865603
personalized_pool_1	ERR4238110	IGH	IGHV4-150	IGHV4-150*01	1	IGHV4-150*01		63	1	63	63	57	63	known	initial
personalized_pool_1	ERR4238110	IGH	IGHV4-NL_1	IGHV4-NL_1*01_S9508	1	IGHV4-NL_1*01_S9508		311	0.637048613368336	198.12210363195587	176.5	165.33333333333331	311	known	initial
personalized_pool_1	ERR4238110	IGH	IGHV4-NL_1	IGHV4-NL_1*01_S5296	1	IGHV4-NL_1*01_S5296		311	0.24437305022537847	76.00001862009579	76	76	311	known	1927.3786959690178
personalized_pool_1	ERR4238110	IGH	IGHV4-NL_1	IGHV4-NL_1*01_S1593	1	IGHV4-NL_1*01_S1593		311	0.06118437762631299	19.028341586096534	25	24	311	known	11.939164861814383
personalized_pool_1	ERR4238110	IGH	IGHV4-NL_1	IGHV4-NL_1*01_S4155	1	IGHV4-NL_1*01_S4155		311	0.03229526697920299	10.043843012022634	24.5	20.333333333333332	311	known	0.8637278019240173
personalized_pool_1	ERR4238110	IGH	IGHV4-NL_1	IGHV4-NL_1*01_S5917	1	IGHV4-NL_1*01_S5917		311	0.006527515390612959	2.0300572861020285	2	2	311	known	2.472204312626669
personalized_pool_1	ERR4238110	IGH	IGHV4-NL_1	IGHV4-NL_1*01_S9290	1	IGHV4-NL_1*01_S9290		311	0.006403551519057284	1.9915045224283283	2	2	311	known	46.35721205581844
personalized_pool_1	ERR4238110	IGH	IGHV4-NL_1	IGHV4-NL_1*01_S8720	1	IGHV4-NL_1*01_S8720		311	0.006376536589357429	1.9831028800959756	2	1	311	known	24.133484360012197
personalized_pool_1	ERR4238110	IGH	IGHV4-NL_1	IGHV4-NL_1*01_S0477	1	IGHV4-NL_1*01_S0477		311	0.0057910883017417035	1.8010284612028054	3	2	311	known	1.2795831223208225
personalized_pool_1	ERR4238110	IGH	IGHV4-NL_3	IGHV4-NL_3*01_S7576	1	IGHV4-NL_3*01_S7576		1	1	1	1	1	1	known	initial
personalized_pool_1	ERR4238110	IGH	IGHV4-NL_4	IGHV4-NL_4*01_S8866	1	IGHV4-NL_4*01_S8866		2	1	2	2	2	2	known	initial
personalized_pool_1	ERR4238110	IGH	IGHV4-NL_5	IGHV4-NL_5*01_S5308	1	IGHV4-NL_5*01_S5308		1	1	1	1	1	1	known	initial
personalized_pool_1	ERR4238110	IGH	IGHV4-NL_10	IGHV4-NL_10*01_S6744	1	IGHV4-NL_10*01_S6744		4	1	4	4	4	4	known	initial
personalized_pool_1	ERR4238110	IGH	IGHV4-NL_11	IGHV4-NL_11*01_S9942	1	IGHV4-NL_11*01_S9942		1	1	1	1	1	1	known	initial
personalized_pool_1	ERR4238110	IGH	IGHV4-NL_12	IGHV4-NL_12*01_S2985	1	IGHV4-NL_12*01_S2985		1	1	1	1	1	1	known	initial
personalized_pool_1	ERR4238110	IGH	IGHV4-NL_17	IGHV4-NL_17*01_S4099	1	IGHV4-NL_17*01_S4099		2	1	2	2	2	2	known	initial
personalized_pool_1	ERR4238110	IGH	IGHV4-NL_19	IGHV4-NL_19*01_S3005	1	IGHV4-NL_19*01_S3005		43	1	43	43	33	43	known	initial
personalized_pool_1	ERR4238110	IGH	IGHV4-NL_22	IGHV4-NL_22*01_S5234	1	IGHV4-NL_22*01_S5234		174	0.9932057231995466	172.81779583644519	170	170	174	known	initial
personalized_pool_1	ERR4238110	IGH	IGHV4-NL_22	IGHV4-NL_22*01_S9255	1	IGHV4-NL_22*01_S9255		174	0.006794276800453058	1.182204163554782	4	3	174	known	6.236122090450584
personalized_pool_1	ERR4238110	IGH	IGHV4-NL_24	IGHV4-NL_24*01_S5697	1	IGHV4-NL_24*01_S5697		72	1	72	72	71	72	known	initial
personalized_pool_1	ERR4238110	IGH	IGHV4-NL_25	IGHV4-NL_25*01_S6960	1	IGHV4-NL_25*01_S6960		275	0.9301177246946284	255.78237429078683	250	247	275	known	initial
personalized_pool_1	ERR4238110	IGH	IGHV4-NL_25	IGHV4-NL_25*01_S9955	1	IGHV4-NL_25*01_S9955		275	0.06988227530537282	19.217625709212417	25	24	275	known	20.607400611025867
personalized_pool_1	ERR4238110	IGH	IGHV4-NL_27	IGHV4-NL_27*01_S1458	1	IGHV4-NL_27*01_S1458		1	1	1	1	1	1	known	initial
personalized_pool_1	ERR4238110	IGH	IGHV4-NL_27	IGHV4-NL_27*01_S3510	1	IGHV4-NL_27*01_S3510		1	1	1	1	1	1	known	initial
personalized_pool_1	ERR4238110	IGH	IGHV4-NL_27	IGHV4-NL_27*01_S9001	1	IGHV4-NL_27*01_S9001		1	1	1	1	1	1	known	initial
personalized_pool_1	ERR4238110	IGH	IGHV4-NL_27	IGHV4-NL_27*01_S9596	1	IGHV4-NL_27*01_S9596		1	1	1	1	1	1	known	initial
personalized_pool_1	ERR4238110	IGH	IGHV4-NL_28	IGHV4-NL_28*01_S2610	1	IGHV4-NL_28*01_S2610		2	1	2	2	2	2	known	initial
personalized_pool_1	ERR4238110	IGH	IGHV4-NL_31	IGHV4-NL_31*01_S1675	1	IGHV4-NL_31*01_S1675		2	0.5002330857188394	1.000466171437671	1	1	2	known	initial
personalized_pool_1	ERR4238110	IGH	IGHV4-NL_31	IGHV4-NL_31*01_S7693	1	IGHV4-NL_31*01_S7693		2	0.4997669142811607	0.9995338285623289	1	1	2	known	4.979013141549558
personalized_pool_1	ERR4238110	IGH	IGHV4-NL_33,IGHV4-NL_34	IGHV4-NL_34*01_S4637	1	IGHV4-NL_34*01_S4637		355	0.9943661971830986	353	353	350	355	known	initial
personalized_pool_1	ERR4238110	IGH	IGHV4-NL_33,IGHV4-NL_34	IGHV4-NL_33*01_S4377	1	IGHV4-NL_33*01_S4377		355	0.005633802816901367	1.9999999999999853	2	1	355	known	712.5216603391071
personalized_pool_1	ERR4238110	IGH	IGHV4-NL_38	IGHV4-NL_38*01_S5467	1	IGHV4-NL_38*01_S5467		1	1	1	1	1	1	known	initial
personalized_pool_1	ERR4238110	IGH	IGHV4-NL_38,IGHV4-NL_5	IGHV4-NL_38*01_S6935	1	IGHV4-NL_38*01_S6935		425	0.9858829013097946	419.00023305663643	419	413	425	known	initial
personalized_pool_1	ERR4238110	IGH	IGHV4-NL_38,IGHV4-NL_5	IGHV4-NL_38*01_S9472	1	IGHV4-NL_38*01_S9472		425	0.009408216183649681	3.9984919381968274	4	3	425	known	19.23113294490017
personalized_pool_1	ERR4238110	IGH	IGHV4-NL_38,IGHV4-NL_5	IGHV4-NL_38*01_S9244	1	IGHV4-NL_38*01_S9244		425	0.004708882506556361	2.0012750051669665	2	1	425	known	789.4722038312248
personalized_pool_1	ERR4238110	IGH	IGHV4-NL_40	IGHV4-NL_40*01_S0979	1	IGHV4-NL_40*01_S0979		1	1	1	1	1	1	known	initial
personalized_pool_1	ERR4238110	IGH	IGHV4-NL_43	IGHV4-NL_43*01_S4510	1	IGHV4-NL_43*01_S4510		1	1	1	1	1	1	known	initial
personalized_pool_1	ERR4238110	IGH	IGHV5-15,IGHV5-157	IGHV5-157*01_S0308	1	IGHV5-157*01_S0308		910	0.41071001313063904	373.74611201451944	371	371	910	known	10282.088479795204
personalized_pool_1	ERR4238110	IGH	IGHV5-15,IGHV5-157	IGHV5-157*02_S3440	1	IGHV5-157*02_S3440		910	0.23828539045477634	216.8397053358692	213.5	213.5	910	known	2036.8533898598785
personalized_pool_1	ERR4238110	IGH	IGHV5-15,IGHV5-157	IGHV5-15*01	1	IGHV5-15*01		910	0.17857043738435585	162.49910734000687	150	145	910	known	27344.064144375996
personalized_pool_1	ERR4238110	IGH	IGHV5-15,IGHV5-157	IGHV5-15*01_S9061	1	IGHV5-15*01_S9061		910	0.14764377603474618	134.35583971259015	131	130	910	known	1408.3503750583282
personalized_pool_1	ERR4238110	IGH	IGHV5-15,IGHV5-157	IGHV5-157*02_S5108	1	IGHV5-157*02_S5108		910	0.012442856923691322	11.322999711070404	16.5	16.5	910	known	9.575128633102073
personalized_pool_1	ERR4238110	IGH	IGHV5-15,IGHV5-157	IGHV5-15*01_S5299	1	IGHV5-15*01_S5299		910	0.008901608131722557	8.100450539037297	24	7	910	known	4.161613663850279
personalized_pool_1	ERR4238110	IGH	IGHV5-15,IGHV5-157	IGHV5-157*02_S3096	1	IGHV5-157*02_S3096		910	0.003445917940067587	3.1357853469059087	4	4	910	known	7.537250057211313
personalized_pool_1	ERR4238110	IGH	IGHV6-1	IGHV6-1*01	1	IGHV6-1*01		47	0.8718717560494907	40.977972534309046	40	40	47	known	initial
personalized_pool_1	ERR4238110	IGH	IGHV6-1	IGHV6-1*02	1	IGHV6-1*02		47	0.12812824395050942	6.022027465690941	7	7	47	known	12.522001855495407
personalized_pool_1	ERR4238110	IGH	IGHV7-86	IGHV7-86*01	1	IGHV7-86*01		29	0.8958349934274692	25.979214786131823	26	25	29	known	initial
personalized_pool_1	ERR4238110	IGH	IGHV7-86	IGHV7-86*01_S0772	1	IGHV7-86*01_S0772		29	0.06897150481559217	2.000173639659864	2	2	29	known	35.18591831585054
personalized_pool_1	ERR4238110	IGH	IGHV7-86	IGHV7-86*01_S3594	1	IGHV7-86*01_S3594		29	0.03519350175693886	1.0206115742083157	1	1	29	known	8.581055888992779
personalized_pool_1	ERR4238110	IGH	IGHV7-135	IGHV7-135*01_S9086	1	IGHV7-135*01_S9086		2	0.501595881040898	1.003191762081487	1	1	2	known	initial
personalized_pool_1	ERR4238110	IGH	IGHV7-135	IGHV7-135*02_S1424	1	IGHV7-135*02_S1424		2	0.49840411895910197	0.9968082379185129	1	1	2	known	3.428897127862509
