pool_id	subject_id	locus	gene	allele	known_reference	parent_allele	substitutions	representative_lineages	inferred_frequency	expected_lineages	local_best_lineages	direct_support	direct_coverage	bic_adjusted_selection_gain
personalized_pool_1	ERR4238110	IGH	IGHV1-84	IGHV1-84*01_S8557	1	IGHV1-84*01_S8557		32	0.78795258185619	25.21448261938647	25	25	32	initial
personalized_pool_1	ERR4238110	IGH	IGHV1-84	IGHV1-84*01_S0240	1	IGHV1-84*01_S0240		32	0.21204741814381017	6.785517380613525	7	7	32	17.185024062694207
personalized_pool_1	ERR4238110	IGH	IGHV1-105	IGHV1-105*01	1	IGHV1-105*01		5	1	5	5	5	5	initial
personalized_pool_1	ERR4238110	IGH	IGHV1-124	IGHV1-124*01	1	IGHV1-124*01		23	0.7826160843111485	18.000169939155157	18	18	23	initial
personalized_pool_1	ERR4238110	IGH	IGHV1-124	IGHV1-124*01_S1765	1	IGHV1-124*01_S1765		23	0.21738391568885138	4.999830060844844	5	5	23	21.648706440179456
personalized_pool_1	ERR4238110	IGH	IGHV1-138	IGHV1-138*02	1	IGHV1-138*02		37	0.9729729727508538	35.99999999178159	36	35	37	initial
personalized_pool_1	ERR4238110	IGH	IGHV1-138	IGHV1-138*01_S3445	1	IGHV1-138*01_S3445		37	0.02702702724914606	1.0000000082184042	1	1	37	25.326884140825133
personalized_pool_1	ERR4238110	IGH	IGHV1-NL_1	IGHV1-NL_1*01_S8523__SWIGP_G295T_G296A	0	IGHV1-NL_1*01_S8523	G295T;G296A	80	1	80	80	24	78	initial
personalized_pool_1	ERR4238110	IGH	IGHV1-NL_2	IGHV1-NL_2*01_S3568	1	IGHV1-NL_2*01_S3568		65	1	65	65	65	65	initial
personalized_pool_1	ERR4238110	IGH	IGHV1-NL_2	IGHV1-NL_2*01_S5959__SWIGP_T209C_C225G	0	IGHV1-NL_2*01_S5959	T209C;C225G	17	0.764678185816142	12.99952915890285	13	13	13	initial
personalized_pool_1	ERR4238110	IGH	IGHV1-NL_2	IGHV1-NL_2*01_S3477	1	IGHV1-NL_2*01_S3477		17	0.17656916794190836	3.0016758548945095	3	3	17	31.8053074910243
personalized_pool_1	ERR4238110	IGH	IGHV1-NL_2	IGHV1-NL_2*01_S0023	1	IGHV1-NL_2*01_S0023		17	0.05875264624194943	0.998794986202641	1	1	17	4.250856803471269
personalized_pool_1	ERR4238110	IGH	IGHV2-7	IGHV2-7*02_S4078__SWIGP_C301G	0	IGHV2-7*02_S4078	C301G	254	0.9783389163166726	248.49808474438274	248	112	248	initial
personalized_pool_1	ERR4238110	IGH	IGHV2-7	IGHV2-7*02_S1732	1	IGHV2-7*02_S1732		254	0.021661083683327302	5.501915255617303	6	6	254	30.22856625099744
personalized_pool_1	ERR4238110	IGH	IGHV2-69	IGHV2-69*01_S8510	1	IGHV2-69*01_S8510		142	0.5660681599890217	80.38167889863486	80	78	142	initial
personalized_pool_1	ERR4238110	IGH	IGHV2-69	IGHV2-69*01	1	IGHV2-69*01		142	0.4196840379541017	59.59513319853003	60	53	142	235.37801702796872
personalized_pool_1	ERR4238110	IGH	IGHV2-69	IGHV2-69*01_S2931	1	IGHV2-69*01_S2931		142	0.007205551189354653	1.0231882796468361	1	1	142	5.348342892178269
personalized_pool_1	ERR4238110	IGH	IGHV2-69	IGHV2-69*01_S2408	1	IGHV2-69*01_S2408		142	0.00704225086752219	0.9999996231882698	1	1	142	10.322976815267024
personalized_pool_1	ERR4238110	IGH	IGHV2-118,IGHV2-NL_1	IGHV2-118*01_S4527	1	IGHV2-118*01_S4527		520	0.60489100976419	314.5433261800882	313	313	520	1654.4866308678183
personalized_pool_1	ERR4238110	IGH	IGHV2-118,IGHV2-NL_1	IGHV2-NL_1*01_S5779	1	IGHV2-NL_1*01_S5779		520	0.33268206340994094	172.99467297280225	173	76	520	10650.852168130408
personalized_pool_1	ERR4238110	IGH	IGHV2-118,IGHV2-NL_1	IGHV2-118*01_S4527__SWIGP_G200C	0	IGHV2-118*01_S4527	G200C	520	0.05111812869885348	26.581425643496885	28	27	340	initial
personalized_pool_1	ERR4238110	IGH	IGHV2-118,IGHV2-NL_1	IGHV2-118*01_S8501	1	IGHV2-118*01_S8501		520	0.003746073841891759	1.9479583967211702	2	0	520	42.68053838109081
personalized_pool_1	ERR4238110	IGH	IGHV2-118,IGHV2-NL_1	IGHV2-118*01_S3831	1	IGHV2-118*01_S3831		520	0.003652629989173692	1.899367765308834	2	2	520	3.023268224199761
personalized_pool_1	ERR4238110	IGH	IGHV2-118,IGHV2-NL_1	IGHV2-118*01	1	IGHV2-118*01		520	0.0020060779667868496	1.043160543210728	1	1	520	1.1896410860793667
personalized_pool_1	ERR4238110	IGH	IGHV2-118,IGHV2-NL_1	IGHV2-NL_1*01_S5211	1	IGHV2-NL_1*01_S5211		520	0.0019040163291640692	0.9900884983713426	1	1	520	0.4646597591387138
personalized_pool_1	ERR4238110	IGH	IGHV2-173	IGHV2-173*01	1	IGHV2-173*01		1	1	1	1	1	1	initial
personalized_pool_1	ERR4238110	IGH	IGHV2-NL_1	IGHV2-NL_1*01_S4514	1	IGHV2-NL_1*01_S4514		1	1	1	1	1	1	initial
personalized_pool_1	ERR4238110	IGH	IGHV3-5	IGHV3-5*01	1	IGHV3-5*01		63	1	63	63	60	63	initial
personalized_pool_1	ERR4238110	IGH	IGHV3-9	IGHV3-9*02	1	IGHV3-9*02		129	0.5665999276060137	73.09139066113056	72	66	129	initial
personalized_pool_1	ERR4238110	IGH	IGHV3-9	IGHV3-9*01	1	IGHV3-9*01		129	0.43340007239398587	55.908609338869425	57	50	129	182.84760720221576
personalized_pool_1	ERR4238110	IGH	IGHV3-34	IGHV3-34*01_S1309	1	IGHV3-34*01_S1309		4	0.7500000003385722	3.0000000013542887	3	3	4	initial
personalized_pool_1	ERR4238110	IGH	IGHV3-34	IGHV3-34*01_S2915	1	IGHV3-34*01_S2915		4	0.2499999996614278	0.9999999986457112	1	1	4	16.769347710900096
personalized_pool_1	ERR4238110	IGH	IGHV3-36	IGHV3-36*01_S7141	1	IGHV3-36*01_S7141		53	0.9691719341484947	51.36611250977773	50.5	50.5	53	initial
personalized_pool_1	ERR4238110	IGH	IGHV3-36	IGHV3-36*01_S4906	1	IGHV3-36*01_S4906		53	0.030828065851504695	1.633887490222309	2.5	2.5	53	0.8847253041838645
personalized_pool_1	ERR4238110	IGH	IGHV3-50	IGHV3-50*01	1	IGHV3-50*01		897	0.9988168396576989	895.9387051728369	895	838	897	initial
personalized_pool_1	ERR4238110	IGH	IGHV3-50	IGHV3-50*01_S6687	1	IGHV3-50*01_S6687		897	0.001183160342304326	1.0612948271661182	2	2	897	6.715886015831293
personalized_pool_1	ERR4238110	IGH	IGHV3-52	IGHV3-52*01_S3960	1	IGHV3-52*01_S3960		40	0.9750012467353771	39.00004986941507	39	39	40	initial
personalized_pool_1	ERR4238110	IGH	IGHV3-52	IGHV3-52*02_S2646	1	IGHV3-52*02_S2646		40	0.0249987532646229	0.9999501305849249	1	1	40	7.048958057616535
personalized_pool_1	ERR4238110	IGH	IGHV3-73	IGHV3-73*02	1	IGHV3-73*02		146	1	146	146	146	146	initial
personalized_pool_1	ERR4238110	IGH	IGHV3-76	IGHV3-76*01_S4285	1	IGHV3-76*01_S4285		18	0.4865095097555344	8.757172088901797	10	9	18	0.42547321247444314
personalized_pool_1	ERR4238110	IGH	IGHV3-76	IGHV3-76*01	1	IGHV3-76*01		18	0.32509828292578097	5.851769155501107	6	6	18	26.168507625332897
personalized_pool_1	ERR4238110	IGH	IGHV3-76	IGHV3-76*01_S5420	1	IGHV3-76*01_S5420		18	0.18839220731868464	3.3910587555970944	2	2	18	initial
personalized_pool_1	ERR4238110	IGH	IGHV3-76	IGHV3-76*02_S4190	1	IGHV3-76*02_S4190		2	1	2	2	2	2	initial
personalized_pool_1	ERR4238110	IGH	IGHV3-83	IGHV3-83*02_S9518	1	IGHV3-83*02_S9518		11	1	11	11	11	11	initial
personalized_pool_1	ERR4238110	IGH	IGHV3-87	IGHV3-87*01__SWIGP_G45C_T153C	0	IGHV3-87*01	G45C;T153C	17	0.941176466073741	15.999999923253597	16	16	16	initial
personalized_pool_1	ERR4238110	IGH	IGHV3-87	IGHV3-87*01_S6311	1	IGHV3-87*01_S6311		17	0.058823533926259025	1.0000000767464035	1	1	17	17.948397131265455
personalized_pool_1	ERR4238110	IGH	IGHV3-88	IGHV3-88*01_S9155	1	IGHV3-88*01_S9155		436	1	436	436	386	436	initial
personalized_pool_1	ERR4238110	IGH	IGHV3-88	IGHV3-88*02_S3953	1	IGHV3-88*02_S3953		77	0.8175445247699648	62.950929167568184	61	61	77	initial
personalized_pool_1	ERR4238110	IGH	IGHV3-88	IGHV3-88*02_S7485	1	IGHV3-88*02_S7485		77	0.10381883073826823	7.9940480942606404	10	7	77	76.59314708109353
personalized_pool_1	ERR4238110	IGH	IGHV3-88	IGHV3-88*02_S5672	1	IGHV3-88*02_S5672		77	0.04035152641365716	3.10706865763832	3	2	77	3.5648818691867596
personalized_pool_1	ERR4238110	IGH	IGHV3-88	IGHV3-88*02_S1355	1	IGHV3-88*02_S1355		77	0.03828511807810993	2.947954080532872	3	3	77	8.917990931850861
personalized_pool_1	ERR4238110	IGH	IGHV3-100	IGHV3-100*01_S4375	1	IGHV3-100*01_S4375		39	0.9088149629669138	35.44378355567878	31	31	39	initial
personalized_pool_1	ERR4238110	IGH	IGHV3-100	IGHV3-100*01_S4205	1	IGHV3-100*01_S4205		39	0.09118503703308609	3.556216444321215	8	6	39	0.544170586906942
personalized_pool_1	ERR4238110	IGH	IGHV3-119	IGHV3-119*01	1	IGHV3-119*01		12	1	12	12	9	12	initial
personalized_pool_1	ERR4238110	IGH	IGHV3-120	IGHV3-120*01_S4231	1	IGHV3-120*01_S4231		4	1	4	4	4	4	initial
personalized_pool_1	ERR4238110	IGH	IGHV3-122,IGHV3-53,IGHV3-94	IGHV3-122*01_S8388	1	IGHV3-122*01_S8388		454	0.44810487763985923	203.4396200686496	184	178	454	initial
personalized_pool_1	ERR4238110	IGH	IGHV3-122,IGHV3-53,IGHV3-94	IGHV3-122*01_S5299	1	IGHV3-122*01_S5299		454	0.20628148944206756	93.65179605710728	93	93	454	1727.3154237248082
personalized_pool_1	ERR4238110	IGH	IGHV3-122,IGHV3-53,IGHV3-94	IGHV3-53*01	1	IGHV3-53*01		454	0.14295924706836288	64.90349817054047	65	62	454	3581.1512992785315
personalized_pool_1	ERR4238110	IGH	IGHV3-122,IGHV3-53,IGHV3-94	IGHV3-53*01_S2949	1	IGHV3-53*01_S2949		454	0.11955526081212592	54.27808840886761	54	54	454	271.65935438917654
personalized_pool_1	ERR4238110	IGH	IGHV3-122,IGHV3-53,IGHV3-94	IGHV3-53*01_S4256__SWIGP_T31C_C75T	0	IGHV3-53*01_S4256	T31C;C75T	454	0.03963981239931097	17.996474837601895	18	15	16	2285.87532103673
personalized_pool_1	ERR4238110	IGH	IGHV3-122,IGHV3-53,IGHV3-94	IGHV3-122*01	1	IGHV3-122*01		454	0.018220807296716542	8.272236507601257	18	16	454	9.40982693970648
personalized_pool_1	ERR4238110	IGH	IGHV3-122,IGHV3-53,IGHV3-94	IGHV3-53*02	1	IGHV3-53*02		454	0.010613141500082307	4.818366225174831	5	5	454	16.392515874099008
personalized_pool_1	ERR4238110	IGH	IGHV3-122,IGHV3-53,IGHV3-94	IGHV3-53*02_S0150	1	IGHV3-53*02_S0150		454	0.005624628594054038	2.553585879963792	7	7	454	3.15475892389295
personalized_pool_1	ERR4238110	IGH	IGHV3-122,IGHV3-53,IGHV3-94	IGHV3-94*01_S4458	1	IGHV3-94*01_S4458		454	0.004313946673470263	1.9585317897563297	2	1	454	62.265277050272566
personalized_pool_1	ERR4238110	IGH	IGHV3-122,IGHV3-53,IGHV3-94	IGHV3-122*01_S8125	1	IGHV3-122*01_S8125		454	0.002390646954450657	1.0853537594906753	7	5	454	0.21202771859074465
personalized_pool_1	ERR4238110	IGH	IGHV3-122,IGHV3-53,IGHV3-94	IGHV3-94*01_S7982	1	IGHV3-94*01_S7982		454	0.002296141619500085	1.0424482952464749	1	1	454	0.22110343745192873
personalized_pool_1	ERR4238110	IGH	IGHV3-127	IGHV3-127*01_S5171	1	IGHV3-127*01_S5171		189	1	189	189	169	189	initial
personalized_pool_1	ERR4238110	IGH	IGHV3-128	IGHV3-128*02_S1570	1	IGHV3-128*02_S1570		152	0.9686235821293758	147.23078326716583	144	144	152	initial
personalized_pool_1	ERR4238110	IGH	IGHV3-128	IGHV3-128*02_S0204	1	IGHV3-128*02_S0204		152	0.018218079458578923	2.7691492946185248	6	4	152	0.9870671155830939
personalized_pool_1	ERR4238110	IGH	IGHV3-128	IGHV3-128*02_S1375	1	IGHV3-128*02_S1375		152	0.006583736568697844	1.0007279580346145	1	1	152	687.9655191740644
personalized_pool_1	ERR4238110	IGH	IGHV3-128	IGHV3-128*01_S5770	1	IGHV3-128*01_S5770		152	0.006574601843348388	0.9993394801809891	1	1	152	3.1123425076294557
personalized_pool_1	ERR4238110	IGH	IGHV3-141	IGHV3-141*02_S1149	1	IGHV3-141*02_S1149		1	1	1	1	1	1	initial
personalized_pool_1	ERR4238110	IGH	IGHV3-141	IGHV3-141*02_S6589	1	IGHV3-141*02_S6589		1	1	1	1	1	1	initial
personalized_pool_1	ERR4238110	IGH	IGHV3-143	IGHV3-143*01	1	IGHV3-143*01		12	1	12	12	12	12	initial
personalized_pool_1	ERR4238110	IGH	IGHV3-152,IGHV3-37	IGHV3-37*01_S4420	1	IGHV3-37*01_S4420		240	0.5749750284564761	137.99400693447964	138	137	240	3511.2426938501726
personalized_pool_1	ERR4238110	IGH	IGHV3-152,IGHV3-37	IGHV3-152*01_S1133	1	IGHV3-152*01_S1133		240	0.29999912273932	71.99978946112161	72	72	240	1079.10248947239
personalized_pool_1	ERR4238110	IGH	IGHV3-152,IGHV3-37	IGHV3-152*01	1	IGHV3-152*01		240	0.1166665103793719	27.99996249153597	28	28	240	974.9006672939408
personalized_pool_1	ERR4238110	IGH	IGHV3-152,IGHV3-37	IGHV3-152*01_S5891	1	IGHV3-152*01_S5891		240	0.004192398582564374	1.0061755507187555	1	1	240	6.715710700943692
personalized_pool_1	ERR4238110	IGH	IGHV3-152,IGHV3-37	IGHV3-152*01_S7388	1	IGHV3-152*01_S7388		240	0.004166939842267471	1.0000655621439836	1	1	240	14.405411943084133
personalized_pool_1	ERR4238110	IGH	IGHV3-177,IGHV3-28	IGHV3-177*01_S8409	1	IGHV3-177*01_S8409		203	0.589654002301289	119.69976221097133	117	113	203	initial
personalized_pool_1	ERR4238110	IGH	IGHV3-177,IGHV3-28	IGHV3-28*01_S5703	1	IGHV3-28*01_S5703		203	0.30045005175894396	60.99136058756904	63	58	203	711.8756729228949
personalized_pool_1	ERR4238110	IGH	IGHV3-177,IGHV3-28	IGHV3-28*01_S5419	1	IGHV3-28*01_S5419		203	0.0989760385391222	20.09213582109936	20	20	203	253.389016284392
personalized_pool_1	ERR4238110	IGH	IGHV3-177,IGHV3-28	IGHV3-177*01_S5369	1	IGHV3-177*01_S5369		203	0.010919907400644288	2.216741380360241	3	2	203	10.251185352050861
personalized_pool_1	ERR4238110	IGH	IGHV3-187	IGHV3-187*01_S8972	1	IGHV3-187*01_S8972		467	0.5853344679859718	273.3511799836904	247	239	467	2015.3634365472712
personalized_pool_1	ERR4238110	IGH	IGHV3-187	IGHV3-187*01_S6840	1	IGHV3-187*01_S6840		467	0.40042826553468325	187.00000000469709	187	184	467	8805.875904697134
personalized_pool_1	ERR4238110	IGH	IGHV3-187	IGHV3-187*01_S1387	1	IGHV3-187*01_S1387		467	0.00990139181869946	4.623966543965669	29	22	467	initial
personalized_pool_1	ERR4238110	IGH	IGHV3-187	IGHV3-187*02	1	IGHV3-187*02		467	0.004335874660645468	2.0248534676469676	4	2	467	11.185924256015632
personalized_pool_1	ERR4238110	IGH	IGHV3-NL_1	IGHV3-NL_1*01_S4331	1	IGHV3-NL_1*01_S4331		322	0.9254114312703707	297.98248086886736	292	234	322	initial
personalized_pool_1	ERR4238110	IGH	IGHV3-NL_1	IGHV3-NL_1*01_S2788	1	IGHV3-NL_1*01_S2788		322	0.07458856872962953	24.017519131132754	30	28	322	70.21025903331335
personalized_pool_1	ERR4238110	IGH	IGHV3-NL_1	IGHV3-NL_1*01_S4549	1	IGHV3-NL_1*01_S4549		228	0.9868920730251007	225.01139264692551	225	218	228	initial
personalized_pool_1	ERR4238110	IGH	IGHV3-NL_1	IGHV3-NL_1*01_S1080	1	IGHV3-NL_1*01_S1080		228	0.00872196205965142	1.9886073523979653	2	2	228	5.7359930615100545
personalized_pool_1	ERR4238110	IGH	IGHV3-NL_1	IGHV3-NL_1*01_S3947	1	IGHV3-NL_1*01_S3947		228	0.004385964915247967	1.0000000006765364	1	1	228	681.6337056510757
personalized_pool_1	ERR4238110	IGH	IGHV3-NL_2	IGHV3-NL_2*01_S5884	1	IGHV3-NL_2*01_S5884		18	0.6669199052173977	12.004558293912927	12	12	18	initial
personalized_pool_1	ERR4238110	IGH	IGHV3-NL_2	IGHV3-NL_2*01_S1693	1	IGHV3-NL_2*01_S1693		18	0.3330800947826022	5.995441706087074	6	5	18	43.7695806034911
personalized_pool_1	ERR4238110	IGH	IGHV3-NL_4	IGHV3-NL_4*01_S9067	1	IGHV3-NL_4*01_S9067		3	0.37279270485617794	1.118378151164439	1	0	3	initial
personalized_pool_1	ERR4238110	IGH	IGHV3-NL_4	IGHV3-NL_4*01_S2727	1	IGHV3-NL_4*01_S2727		3	0.34920781832954684	1.0476233621362423	1	1	3	2.1026855658909147
personalized_pool_1	ERR4238110	IGH	IGHV3-NL_4	IGHV3-NL_4*01_S0257	1	IGHV3-NL_4*01_S0257		3	0.27799947681427517	0.8339984866993186	1	1	3	0.08814103657155026
personalized_pool_1	ERR4238110	IGH	IGHV3-NL_6	IGHV3-NL_6*02_S7808	1	IGHV3-NL_6*02_S7808		5	1	5	5	5	5	initial
personalized_pool_1	ERR4238110	IGH	IGHV3-NL_7	IGHV3-NL_7*01_S0199	1	IGHV3-NL_7*01_S0199		481	1	481	481	481	481	initial
personalized_pool_1	ERR4238110	IGH	IGHV3-NL_8	IGHV3-NL_8*01_S7474	1	IGHV3-NL_8*01_S7474		1	1	1	1	1	1	initial
personalized_pool_1	ERR4238110	IGH	IGHV3-NL_9	IGHV3-NL_9*01_S6098	1	IGHV3-NL_9*01_S6098		6	1	6	6	6	6	initial
personalized_pool_1	ERR4238110	IGH	IGHV3-NL_11	IGHV3-NL_11*01_S3736	1	IGHV3-NL_11*01_S3736		1710	0.9872129908090109	1688.1342269525123	1680	1538	1710	initial
personalized_pool_1	ERR4238110	IGH	IGHV3-NL_11	IGHV3-NL_11*01_S8390	1	IGHV3-NL_11*01_S8390		1710	0.005100994680928628	8.722700818256655	9	9	1710	10066.102209759621
personalized_pool_1	ERR4238110	IGH	IGHV3-NL_11	IGHV3-NL_11*01_S4619	1	IGHV3-NL_11*01_S4619		1710	0.004657538036264766	7.964390661851031	8	8	1710	187.85521681209855
personalized_pool_1	ERR4238110	IGH	IGHV3-NL_11	IGHV3-NL_11*01_S6390	1	IGHV3-NL_11*01_S6390		1710	0.002443681122268015	4.178681516268334	12	12	1710	699.4225207364632
personalized_pool_1	ERR4238110	IGH	IGHV3-NL_11	IGHV3-NL_11*02_S2668	1	IGHV3-NL_11*02_S2668		1710	0.0005847953515285753	1.0000000511139233	1	1	1710	14.632276689559102
personalized_pool_1	ERR4238110	IGH	IGHV3-NL_11	IGHV3-NL_11*01_S5714	1	IGHV3-NL_11*01_S5714		1	1	1	1	1	1	initial
personalized_pool_1	ERR4238110	IGH	IGHV3-NL_13	IGHV3-NL_13*01_S5767	1	IGHV3-NL_13*01_S5767		9	0.6196281107248152	5.576652996517358	5	5	9	initial
personalized_pool_1	ERR4238110	IGH	IGHV3-NL_13	IGHV3-NL_13*01_S3940	1	IGHV3-NL_13*01_S3940		9	0.3803718892751848	3.4233470034826423	4	3	9	25.6450172221761
personalized_pool_1	ERR4238110	IGH	IGHV3-NL_14,IGHV3-NL_15	IGHV3-NL_14*01_S9823	1	IGHV3-NL_14*01_S9823		141	0.978783777221158	138.00851259386215	138	137	141	initial
personalized_pool_1	ERR4238110	IGH	IGHV3-NL_14,IGHV3-NL_15	IGHV3-NL_14*01_S0721	1	IGHV3-NL_14*01_S0721		141	0.014124024197281702	1.9914874061379146	2	1	141	1.1975721973097229
personalized_pool_1	ERR4238110	IGH	IGHV3-NL_14,IGHV3-NL_15	IGHV3-NL_15*01_S3018	1	IGHV3-NL_15*01_S3018		141	0.007092198581560299	1.0000000000000022	1	1	141	1.4043015872790154
personalized_pool_1	ERR4238110	IGH	IGHV3-NL_15	IGHV3-NL_15*01_S0604	1	IGHV3-NL_15*01_S0604		3	1	3	3	3	3	initial
personalized_pool_1	ERR4238110	IGH	IGHV3-NL_16	IGHV3-NL_16*01_S8234	1	IGHV3-NL_16*01_S8234		31	1	31	31	31	31	initial
personalized_pool_1	ERR4238110	IGH	IGHV3-NL_17	IGHV3-NL_17*01_S4736	1	IGHV3-NL_17*01_S4736		613	0.579119086460033	355.0000000000002	355	340	613	10633.729131071303
personalized_pool_1	ERR4238110	IGH	IGHV3-NL_17	IGHV3-NL_17*01_S9589	1	IGHV3-NL_17*01_S9589		613	0.420880913539967	257.9999999999998	258	256	613	8956.344553757082
personalized_pool_1	ERR4238110	IGH	IGHV3-NL_18	IGHV3-NL_18*01_S0984	1	IGHV3-NL_18*01_S0984		1	1	1	1	1	1	initial
personalized_pool_1	ERR4238110	IGH	IGHV3-NL_19	IGHV3-NL_19*01_S2472	1	IGHV3-NL_19*01_S2472		117	0.5554788528491295	64.99102522671024	63	63	117	initial
personalized_pool_1	ERR4238110	IGH	IGHV3-NL_19	IGHV3-NL_19*01_S4000	1	IGHV3-NL_19*01_S4000		117	0.34187971312242765	39.999926435322166	40	40	117	849.1584264131545
personalized_pool_1	ERR4238110	IGH	IGHV3-NL_19	IGHV3-NL_19*01_S6894	1	IGHV3-NL_19*01_S6894		117	0.10264143402844293	12.009048337967593	14	14	117	18.382586400447043
personalized_pool_1	ERR4238110	IGH	IGHV4-67	IGHV4-67*02_S8671	1	IGHV4-67*02_S8671		73	0.6861683830237106	50.09029196073044	50	46	73	initial
personalized_pool_1	ERR4238110	IGH	IGHV4-67	IGHV4-67*01_S8827	1	IGHV4-67*01_S8827		73	0.31383161697628953	22.909708039269574	23	22	73	265.36049088092386
personalized_pool_1	ERR4238110	IGH	IGHV4-72,IGHV4-NL_21,IGHV4-NL_9	IGHV4-NL_21*01_S0138	1	IGHV4-NL_21*01_S0138		651	0.6540967515822758	425.8169922282685	418	366	651	43091.88109454817
personalized_pool_1	ERR4238110	IGH	IGHV4-72,IGHV4-NL_21,IGHV4-NL_9	IGHV4-72*01	1	IGHV4-72*01		651	0.33794162826753876	220.00000000216775	220	217	651	4607.766084282688
personalized_pool_1	ERR4238110	IGH	IGHV4-72,IGHV4-NL_21,IGHV4-NL_9	IGHV4-NL_21*01_S1118	1	IGHV4-NL_21*01_S1118		651	0.004758418777775992	3.097723380832611	6	4	651	0.31555220196946365
personalized_pool_1	ERR4238110	IGH	IGHV4-72,IGHV4-NL_21,IGHV4-NL_9	IGHV4-NL_21*01_S6650	1	IGHV4-NL_21*01_S6650		651	0.003203201372407625	2.0852843887308827	7	6	651	687.3847137673591
personalized_pool_1	ERR4238110	IGH	IGHV4-79	IGHV4-79*01_S1478	1	IGHV4-79*01_S1478		2	0.5000048575806199	1.0000097151612397	1	1	2	initial
personalized_pool_1	ERR4238110	IGH	IGHV4-79	IGHV4-79*01	1	IGHV4-79*01		2	0.49999514241938015	0.9999902848387605	1	1	2	9.555318929778187
personalized_pool_1	ERR4238110	IGH	IGHV4-93	IGHV4-93*01_S0054	1	IGHV4-93*01_S0054		2	0.5000002430798599	1.0000004861597198	1	1	2	initial
personalized_pool_1	ERR4238110	IGH	IGHV4-93	IGHV4-93*01_S1164	1	IGHV4-93*01_S1164		2	0.49999975692014015	0.9999995138402803	1	1	2	12.803856063454191
personalized_pool_1	ERR4238110	IGH	IGHV4-93	IGHV4-93*01_S5203	1	IGHV4-93*01_S5203		322	0.9956270382616559	320.59190632013576	320	272	322	initial
personalized_pool_1	ERR4238110	IGH	IGHV4-93	IGHV4-93*01	1	IGHV4-93*01		322	0.004372961738342595	1.4080936798637649	2	2	322	15.581529346453317
personalized_pool_1	ERR4238110	IGH	IGHV4-117,IGHV4-149	IGHV4-117*01_S3779__SWIGP_G120A_G246A_C250G_A299G	0	IGHV4-117*01_S3779	G120A;G246A;C250G;A299G	84	0.9635522495494985	80.93838896211105	80	23	81	initial
personalized_pool_1	ERR4238110	IGH	IGHV4-117,IGHV4-149	IGHV4-117*01_S0992	1	IGHV4-117*01_S0992		84	0.036447750450501665	3.0616110378889756	4	2	84	47.90742375634916
personalized_pool_1	ERR4238110	IGH	IGHV4-117,IGHV4-174,IGHV4-NL_33,IGHV4-NL_36,IGHV4-NL_5,IGHV4-NL_9	IGHV4-117*01	1	IGHV4-117*01		1907	0.5167871926782749	985.513183595548	979	937	1907	10906.388101983785
personalized_pool_1	ERR4238110	IGH	IGHV4-117,IGHV4-174,IGHV4-NL_33,IGHV4-NL_36,IGHV4-NL_5,IGHV4-NL_9	IGHV4-NL_33*01_S9428	1	IGHV4-NL_33*01_S9428		1907	0.2170340490723445	413.88393162165954	413	413	1907	17900.653965863923
personalized_pool_1	ERR4238110	IGH	IGHV4-117,IGHV4-174,IGHV4-NL_33,IGHV4-NL_36,IGHV4-NL_5,IGHV4-NL_9	IGHV4-NL_5*01_S8645	1	IGHV4-NL_5*01_S8645		1907	0.1274288462653799	243.00680996382818	243	235	1907	2965.6134084127593
personalized_pool_1	ERR4238110	IGH	IGHV4-117,IGHV4-174,IGHV4-NL_33,IGHV4-NL_36,IGHV4-NL_5,IGHV4-NL_9	IGHV4-NL_36*01_S5000	1	IGHV4-NL_36*01_S5000		1907	0.07027270335757979	134.01004530290103	134	125	1907	2076.8595546378274
personalized_pool_1	ERR4238110	IGH	IGHV4-117,IGHV4-174,IGHV4-NL_33,IGHV4-NL_36,IGHV4-NL_5,IGHV4-NL_9	IGHV4-NL_5*01_S5158	1	IGHV4-NL_5*01_S5158		1907	0.05871668144364293	111.97271288191723	112	104	1907	4757.807493977479
personalized_pool_1	ERR4238110	IGH	IGHV4-117,IGHV4-174,IGHV4-NL_33,IGHV4-NL_36,IGHV4-NL_5,IGHV4-NL_9	IGHV4-NL_9*01_S9889	1	IGHV4-NL_9*01_S9889		1907	0.002594446451936065	4.947609383961564	5	4	1907	7.013405889726476
personalized_pool_1	ERR4238110	IGH	IGHV4-117,IGHV4-174,IGHV4-NL_33,IGHV4-NL_36,IGHV4-NL_5,IGHV4-NL_9	IGHV4-174*02_S3984	1	IGHV4-174*02_S3984		1907	0.0010496584820332726	2.001698725775242	2	2	1907	52.82969023417459
personalized_pool_1	ERR4238110	IGH	IGHV4-117,IGHV4-174,IGHV4-NL_33,IGHV4-NL_36,IGHV4-NL_5,IGHV4-NL_9	IGHV4-NL_5*01_S0876	1	IGHV4-NL_5*01_S0876		1907	0.0009074641037615408	1.7305059633519517	2	1	1907	11.454140855240297
personalized_pool_1	ERR4238110	IGH	IGHV4-117,IGHV4-174,IGHV4-NL_33,IGHV4-NL_36,IGHV4-NL_5,IGHV4-NL_9	IGHV4-117*01_S5807	1	IGHV4-117*01_S5807		1907	0.0007415233760539682	1.4140779269105601	3	2	1907	8.8107726592245
personalized_pool_1	ERR4238110	IGH	IGHV4-117,IGHV4-174,IGHV4-NL_33,IGHV4-NL_36,IGHV4-NL_5,IGHV4-NL_9	IGHV4-NL_5*01_S1492	1	IGHV4-NL_5*01_S1492		1907	0.000675535551166773	1.2882728734010145	1	1	1907	33.71032446543394
personalized_pool_1	ERR4238110	IGH	IGHV4-117,IGHV4-174,IGHV4-NL_33,IGHV4-NL_36,IGHV4-NL_5,IGHV4-NL_9	IGHV4-NL_36*01_S9644	1	IGHV4-NL_36*01_S9644		1907	0.0005852493403159483	1.1160704512834965	2	1	1907	5.136992636435346
personalized_pool_1	ERR4238110	IGH	IGHV4-117,IGHV4-174,IGHV4-NL_33,IGHV4-NL_36,IGHV4-NL_5,IGHV4-NL_9	IGHV4-117*01_S4879	1	IGHV4-117*01_S4879		1907	0.0005543681146064177	1.0571799882622717	5	2	1907	5.31704829347586
personalized_pool_1	ERR4238110	IGH	IGHV4-117,IGHV4-174,IGHV4-NL_33,IGHV4-NL_36,IGHV4-NL_5,IGHV4-NL_9	IGHV4-NL_9*01_S3502	1	IGHV4-NL_9*01_S3502		1907	0.0005465877375272945	1.0423428153677854	1	1	1907	42.690709594362566
personalized_pool_1	ERR4238110	IGH	IGHV4-117,IGHV4-174,IGHV4-NL_33,IGHV4-NL_36,IGHV4-NL_5,IGHV4-NL_9	IGHV4-174*02	1	IGHV4-174*02		1907	0.0005325424709531187	1.0155584915468714	2	1	1907	14.973176070750387
personalized_pool_1	ERR4238110	IGH	IGHV4-117,IGHV4-174,IGHV4-NL_33,IGHV4-NL_36,IGHV4-NL_5,IGHV4-NL_9	IGHV4-NL_36*01_S3780	1	IGHV4-NL_36*01_S3780		1907	0.0005243874260649805	1.0000068215059177	1	1	1907	11.028385326536446
personalized_pool_1	ERR4238110	IGH	IGHV4-117,IGHV4-174,IGHV4-NL_33,IGHV4-NL_36,IGHV4-NL_5,IGHV4-NL_9	IGHV4-NL_36*01_S5847	1	IGHV4-NL_36*01_S5847		1907	0.000524382859144127	0.999998112387894	1	1	1907	1346.5368878179545
personalized_pool_1	ERR4238110	IGH	IGHV4-117,IGHV4-174,IGHV4-NL_33,IGHV4-NL_36,IGHV4-NL_5,IGHV4-NL_9	IGHV4-NL_36*01_S0936	1	IGHV4-NL_36*01_S0936		1907	0.0005243812692147247	0.99999508039248	1	1	1907	6.443230620436651
personalized_pool_1	ERR4238110	IGH	IGHV4-144	IGHV4-144*01	1	IGHV4-144*01		194	0.5302754569985738	102.87343865782606	106	94	194	260.93215239580456
personalized_pool_1	ERR4238110	IGH	IGHV4-144	IGHV4-144*01_S3676	1	IGHV4-144*01_S3676		194	0.4697245430014269	91.1265613421738	88	85	194	initial
personalized_pool_1	ERR4238110	IGH	IGHV4-149,IGHV4-79	IGHV4-149*01_S9613	1	IGHV4-149*01_S9613		603	0.5267828965148655	317.6500919349868	317	311	603	1341.0774049039783
personalized_pool_1	ERR4238110	IGH	IGHV4-149,IGHV4-79	IGHV4-149*01_S1992__SWIGP_A295T	0	IGHV4-149*01_S1992	A295T	603	0.45765427903850164	275.9655327908069	271	172	249	6713.737020517541
personalized_pool_1	ERR4238110	IGH	IGHV4-149,IGHV4-79	IGHV4-79*02_S9501	1	IGHV4-79*02_S9501		603	0.010956247565374413	6.60661849863902	10	8	603	71.481793382777
personalized_pool_1	ERR4238110	IGH	IGHV4-149,IGHV4-79	IGHV4-149*01_S0794	1	IGHV4-149*01_S0794		603	0.004606576881258605	2.7777567755678043	5	4	603	15.851926212229117
personalized_pool_1	ERR4238110	IGH	IGHV4-150	IGHV4-150*01__SWIGP_A295C	0	IGHV4-150*01	A295C	63	1	63	63	40	60	initial
personalized_pool_1	ERR4238110	IGH	IGHV4-NL_1	IGHV4-NL_1*01_S9508	1	IGHV4-NL_1*01_S9508		311	0.6416329932133316	199.54784516092215	175	164	311	initial
personalized_pool_1	ERR4238110	IGH	IGHV4-NL_1	IGHV4-NL_1*01_S5296	1	IGHV4-NL_1*01_S5296		311	0.24437291953472645	75.9999779753019	76	76	311	1935.762555211714
personalized_pool_1	ERR4238110	IGH	IGHV4-NL_1	IGHV4-NL_1*01_S1593	1	IGHV4-NL_1*01_S1593		311	0.06019118715966327	18.71945881244541	25	24	311	11.767579563393728
personalized_pool_1	ERR4238110	IGH	IGHV4-NL_1	IGHV4-NL_1*01_S4155	1	IGHV4-NL_1*01_S4155		311	0.02901083484893772	9.022385762635684	26	21	311	0.177886433356631
personalized_pool_1	ERR4238110	IGH	IGHV4-NL_1	IGHV4-NL_1*01_S5917	1	IGHV4-NL_1*01_S5917		311	0.0065103640250133	2.0247232000940696	2	2	311	2.6482825327216624
personalized_pool_1	ERR4238110	IGH	IGHV4-NL_1	IGHV4-NL_1*01_S9290	1	IGHV4-NL_1*01_S9290		311	0.0063988810492151904	1.9900520063129712	2	2	311	46.39090487694077
personalized_pool_1	ERR4238110	IGH	IGHV4-NL_1	IGHV4-NL_1*01_S8720	1	IGHV4-NL_1*01_S8720		311	0.006380181253328857	1.9842363709517286	2	1	311	24.138512360754508
personalized_pool_1	ERR4238110	IGH	IGHV4-NL_1	IGHV4-NL_1*01_S0477	1	IGHV4-NL_1*01_S0477		311	0.005502638915783399	1.7113207113361737	3	2	311	0.9800481918768633
personalized_pool_1	ERR4238110	IGH	IGHV4-NL_3	IGHV4-NL_3*01_S7576	1	IGHV4-NL_3*01_S7576		1	1	1	1	1	1	initial
personalized_pool_1	ERR4238110	IGH	IGHV4-NL_4	IGHV4-NL_4*01_S8866	1	IGHV4-NL_4*01_S8866		2	1	2	2	2	2	initial
personalized_pool_1	ERR4238110	IGH	IGHV4-NL_5	IGHV4-NL_5*01_S5308	1	IGHV4-NL_5*01_S5308		1	1	1	1	1	1	initial
personalized_pool_1	ERR4238110	IGH	IGHV4-NL_10	IGHV4-NL_10*01_S6744	1	IGHV4-NL_10*01_S6744		4	1	4	4	4	4	initial
personalized_pool_1	ERR4238110	IGH	IGHV4-NL_11	IGHV4-NL_11*01_S9942	1	IGHV4-NL_11*01_S9942		1	1	1	1	1	1	initial
personalized_pool_1	ERR4238110	IGH	IGHV4-NL_12	IGHV4-NL_12*01_S2985	1	IGHV4-NL_12*01_S2985		1	1	1	1	1	1	initial
personalized_pool_1	ERR4238110	IGH	IGHV4-NL_17	IGHV4-NL_17*01_S4099	1	IGHV4-NL_17*01_S4099		2	1	2	2	2	2	initial
personalized_pool_1	ERR4238110	IGH	IGHV4-NL_19	IGHV4-NL_19*01_S3005	1	IGHV4-NL_19*01_S3005		43	1	43	43	33	43	initial
personalized_pool_1	ERR4238110	IGH	IGHV4-NL_22	IGHV4-NL_22*01_S5234	1	IGHV4-NL_22*01_S5234		174	0.9931798192424296	172.8132885481809	170	170	174	initial
personalized_pool_1	ERR4238110	IGH	IGHV4-NL_22	IGHV4-NL_22*01_S9255	1	IGHV4-NL_22*01_S9255		174	0.006820180757570096	1.186711451819063	4	3	174	6.317678261670814
personalized_pool_1	ERR4238110	IGH	IGHV4-NL_24	IGHV4-NL_24*01_S5697__SWIGP_G298C	0	IGHV4-NL_24*01_S5697	G298C	72	1	72	72	52	71	initial
personalized_pool_1	ERR4238110	IGH	IGHV4-NL_25	IGHV4-NL_25*01_S6960	1	IGHV4-NL_25*01_S6960		275	0.9301196671107684	255.7829084553833	250	247	275	initial
personalized_pool_1	ERR4238110	IGH	IGHV4-NL_25	IGHV4-NL_25*01_S9955	1	IGHV4-NL_25*01_S9955		275	0.0698803328892323	19.217091544616885	25	24	275	20.640602063836017
personalized_pool_1	ERR4238110	IGH	IGHV4-NL_27	IGHV4-NL_27*01_S1458	1	IGHV4-NL_27*01_S1458		1	1	1	1	1	1	initial
personalized_pool_1	ERR4238110	IGH	IGHV4-NL_27	IGHV4-NL_27*01_S3510	1	IGHV4-NL_27*01_S3510		1	1	1	1	1	1	initial
personalized_pool_1	ERR4238110	IGH	IGHV4-NL_27	IGHV4-NL_27*01_S9001	1	IGHV4-NL_27*01_S9001		1	1	1	1	1	1	initial
personalized_pool_1	ERR4238110	IGH	IGHV4-NL_27	IGHV4-NL_27*01_S9596	1	IGHV4-NL_27*01_S9596		1	1	1	1	1	1	initial
personalized_pool_1	ERR4238110	IGH	IGHV4-NL_28	IGHV4-NL_28*01_S2610	1	IGHV4-NL_28*01_S2610		2	1	2	2	2	2	initial
personalized_pool_1	ERR4238110	IGH	IGHV4-NL_31	IGHV4-NL_31*01_S1675	1	IGHV4-NL_31*01_S1675		2	0.5002333079155864	1.000466615831153	1	1	2	initial
personalized_pool_1	ERR4238110	IGH	IGHV4-NL_31	IGHV4-NL_31*01_S7693	1	IGHV4-NL_31*01_S7693		2	0.4997666920844136	0.9995333841688469	1	1	2	4.97892831641355
personalized_pool_1	ERR4238110	IGH	IGHV4-NL_33,IGHV4-NL_34	IGHV4-NL_34*01_S4637	1	IGHV4-NL_34*01_S4637		355	0.9943661971830986	353	353	350	355	initial
personalized_pool_1	ERR4238110	IGH	IGHV4-NL_33,IGHV4-NL_34	IGHV4-NL_33*01_S4377	1	IGHV4-NL_33*01_S4377		355	0.005633802816901378	1.9999999999999893	2	1	355	712.8318718378279
personalized_pool_1	ERR4238110	IGH	IGHV4-NL_38	IGHV4-NL_38*01_S5467	1	IGHV4-NL_38*01_S5467		1	1	1	1	1	1	initial
personalized_pool_1	ERR4238110	IGH	IGHV4-NL_38,IGHV4-NL_5	IGHV4-NL_38*01_S6935	1	IGHV4-NL_38*01_S6935		425	0.9858823880786689	419.0000149341126	419	413	425	initial
personalized_pool_1	ERR4238110	IGH	IGHV4-NL_38,IGHV4-NL_5	IGHV4-NL_38*01_S9472	1	IGHV4-NL_38*01_S9472		425	0.009410691736985397	3.9995440158123396	4	3	425	20.500480841362606
personalized_pool_1	ERR4238110	IGH	IGHV4-NL_38,IGHV4-NL_5	IGHV4-NL_38*01_S9244	1	IGHV4-NL_38*01_S9244		425	0.004706920184345999	2.0004410500750915	2	1	425	790.3641148725092
personalized_pool_1	ERR4238110	IGH	IGHV4-NL_40	IGHV4-NL_40*01_S0979	1	IGHV4-NL_40*01_S0979		1	1	1	1	1	1	initial
personalized_pool_1	ERR4238110	IGH	IGHV4-NL_43	IGHV4-NL_43*01_S4510	1	IGHV4-NL_43*01_S4510		1	1	1	1	1	1	initial
personalized_pool_1	ERR4238110	IGH	IGHV5-15,IGHV5-157	IGHV5-157*02_S3440	1	IGHV5-157*02_S3440		910	0.23810844197247924	216.6786821442098	213.5	213.5	910	2025.5270020671248
personalized_pool_1	ERR4238110	IGH	IGHV5-15,IGHV5-157	IGHV5-157*01_S0308__SWIGP_T296G	0	IGHV5-157*01_S0308	T296G	910	0.21893050069563474	199.2268250511221	241	157	372	1.745795719270916
personalized_pool_1	ERR4238110	IGH	IGHV5-15,IGHV5-157	IGHV5-157*01_S0308__SWIGP_T296A	0	IGHV5-157*01_S0308	T296A	910	0.19446529695000483	176.96335078757525	130	101	372	initial
personalized_pool_1	ERR4238110	IGH	IGHV5-15,IGHV5-157	IGHV5-15*01	1	IGHV5-15*01		910	0.17858552433049885	162.5128271401157	150	145	910	17373.449064096647
personalized_pool_1	ERR4238110	IGH	IGHV5-15,IGHV5-157	IGHV5-15*01_S9061	1	IGHV5-15*01_S9061		910	0.14778794715603985	134.48703191178564	131	130	910	1408.7417675497793
personalized_pool_1	ERR4238110	IGH	IGHV5-15,IGHV5-157	IGHV5-157*02_S5108	1	IGHV5-157*02_S5108		910	0.01102069978989678	10.028836879155818	16.5	16.5	910	5.06613739578232
personalized_pool_1	ERR4238110	IGH	IGHV5-15,IGHV5-157	IGHV5-15*01_S5299	1	IGHV5-15*01_S5299		910	0.00765658938227141	6.967496337918872	24	7	910	2.9064654378471744
personalized_pool_1	ERR4238110	IGH	IGHV5-15,IGHV5-157	IGHV5-157*02_S3096	1	IGHV5-157*02_S3096		910	0.003444999723174671	3.134949748116686	4	4	910	20.8917394559183
personalized_pool_1	ERR4238110	IGH	IGHV6-1	IGHV6-1*01	1	IGHV6-1*01		47	0.8718717560494907	40.977972534309046	40	40	47	initial
personalized_pool_1	ERR4238110	IGH	IGHV6-1	IGHV6-1*02	1	IGHV6-1*02		47	0.12812824395050942	6.022027465690941	7	7	47	12.522001855495413
personalized_pool_1	ERR4238110	IGH	IGHV7-86	IGHV7-86*01	1	IGHV7-86*01		29	0.8958352414771047	25.97922197959477	26	25	29	initial
personalized_pool_1	ERR4238110	IGH	IGHV7-86	IGHV7-86*01_S0772	1	IGHV7-86*01_S0772		29	0.06897150481377964	2.0001736396072953	2	2	29	35.18591831585056
personalized_pool_1	ERR4238110	IGH	IGHV7-86	IGHV7-86*01_S3594	1	IGHV7-86*01_S3594		29	0.03519325370911581	1.0206043807979335	1	1	29	8.579940849357019
personalized_pool_1	ERR4238110	IGH	IGHV7-135	IGHV7-135*01_S9086	1	IGHV7-135*01_S9086		2	0.501595881040898	1.003191762081487	1	1	2	initial
personalized_pool_1	ERR4238110	IGH	IGHV7-135	IGHV7-135*02_S1424	1	IGHV7-135*02_S1424		2	0.49840411895910197	0.9968082379185129	1	1	2	3.428897127862509
